{
    "id": "100098",
    "url": "https://www.liputan6.com/news/read/100098/hasil-audit-bpk-siap-dilimpahkan-ke-polisi",
    "title": "Hasil Audit BPK Siap Dilimpahkan ke Polisi",
    "date": "",
    "content": "Liputan6.com, Jakarta: Ketua Komisi III DPR Teras Narang menyatakan, DPR telah siap melimpahkan hasil audit Badan Pemeriksa Keuangan terhadap Komisi Pemilihan Umum kepada polisi. Pasalnya, laporan BPK itu sudah final dan akan dengan mudah menjadi pegangan aparat penegak hukum. \"Tak perlu lama-lama, Senin segera bisa disampaikan,\" ujar Teras di Jakarta, Sabtu (23/4).\r\nTeras mengaku puas dengan hasil audit BPK karena jelas dan lengkap. Hasil audit itu menjelaskan perkiraan besarnya kerugian negara dan para penanggung jawab di balik dugaan penyelewengan dana pengadaan logistik KPU.\r\nHasil audit BPK mengindikasikan adanya penyelewangan dalam penyelenggaraan Pemilihan Umum 2004 oleh KPU sebesar Rp 90 miliar. Penyelewengan itu meliputi pengadaan logistik, seperti kotak suara, tinta, teknologi informasi, kertas suara, dan sampul. Indikasi kerugian negara yang paling besar terjadi pada pengadaan kotak suara, yakni mencapai Rp 66 miliar. Pengadaan kotak suara Pemilu 2004 di bawah tanggung jawab Mulyana W. Kusumah [baca: Rp 90 Miliar Penyimpangan pada Pemilu Legislatif].(ORS/Mikotoro dan Satya Pandia)",
    "summary": "Menurut Ketua Komisi III DPR Teras Narang, hasil audit BPK sudah jelas dan lengkap. Laporan audit BPK sudah menjelaskan besarnya kerugian negara dan para penanggung jawab di balik dugaan penyelewengan itu."
}