{
    "id": "100181",
    "url": "https://www.liputan6.com/news/read/100181/kisah-ayah-tiri-yang-cemburu",
    "title": "Kisah Ayah Tiri Yang Cemburu",
    "date": "",
    "content": "Liputan6.com, Bandar Lampung: Suatu siang di pertengahan April 2005. Kiki Marianti hendak berangkat kerja. Warga Desa Sukarame, Bandar Lampung, Lampung, itu dijemput teman laki-lakinya. Namun diam-diam Haryono, ayah tirinya, menguntit dari belakang. Setelah yakin Kiki memang pergi ke toko tempatnya bekerja, barulah lelaki itu lega. \r\nSewaktu Kiki pulang kerja, Haryono kembali mengawasi Kiki. Tanpa merasa risih, Haryono bahkan naik angkutan kota yang sama dengan putrinya yang berusia 18 tahun itu. Sikap Haryono tak urung membuat Kiki gerah. Sesampainya di rumah kontrakan mereka, gadis ini menangis dan melaporkan kelakuan ayah tirinya itu pada Yanti, ibunya.\r\nYanti memang sudah lama menyimpan kesal pada suaminya. Sebagai ibu, dia tahu bahwa perhatian Haryono pada putrinya itu sudah berlebihan. Enam bulan belakangan, Haryono melarang keras Kiki keluar rumah dan bertemu teman cowok. Haryono juga selalu mengawasi gerak-gerik putrinya. \"Begini salah, begitu salah,\" kata Yanti. Bahkan, dengan mata kepala sendiri Yanti pernah memergoki suaminya mencium Kiki. Ini membuat mereka sempat bertengkar. \r\nLaporan Kiki bahwa dia dikuntit ayahnya makin membuat Yanti marah. \"Kalau begini terus, mendingan kami pindah,\" kata Yanti dengan suara tinggi. Ternyata ini bukan ancaman belaka. Yanti, Kiki, dan Aria--anak kandungnya dengan Haryono--pergi meninggalkan rumah. \r\nKiki berjalan menggenggam erat tangan Aria. Sementara Yanti berjalan di depan anak-anaknya. Hari sudah gelap. Sekonyong-konyong, Kiki merasa kepalanya disirami cairan. Bau bensin. Dia spontan berteriak mendapati ayahnya sedang menyulut korek api. Dalam sekejap tubuhnya terbakar. Aria dan Yanti yang berusaha menolong ikut tersambar api. \r\nTeriak kesakitan dan minta tolong memancing warga Sukarame. Buru-buru mereka berusaha memadamkan api sekaligus membawa Kiki, Aria, dan Yanti ke Rumah Sakit Urip Sumoharjo, Bandar Lampung. Kesempatan ini dipakai Haryono untuk kabur.\r\nUmumnya warga sekitar tak mengetahui alasan Haryono tega membakar anak tirinya itu. Polisi yang datang ke lokasi juga bingung mengungkap motif. Namun, tanda tanya ini terjawab setelah polisi membekuk Haryono tiga hari setelah kejadian. Polisi menciduk dia di Kelurahan Karang Anyar, Jakarta Pusat.\r\nPenggerebekan ini membuat warga Karang Anyar gempar. Apalagi, Haryono diangkut karena tuduhan membakar anak dan istrinya. Penangkapan ini membuat seorang kerabat yang menunggui Yanti di rumah sakit sampai pingsan.\r\nHaryono ditahan di Kepolisian Sektor Sukarame. Dia memang selalu cemburu melihat Kiki dijemput teman prianya. Rupanya, pria separuh baya ini jatuh hati pada Kiki. \"Dia itu bagus, manis,\" kata pria berkumis ini. Bahkan di malam nahas itu, Haryono sempat menenangkan diri di sebuah warung kopi. Saat itulah terlintas dalam pikirannya untuk membakar pujaan hatinya.\r\nAksi brutal Haryono membuat keluarganya menderita. Kiki, Aria, dan Yanti terpaksa dirawat di rumah sakit akibat luka bakar yang cukup parah. Butuh waktu yang cukup lama untuk sembuh. Yang lebih menyedihkan lagi, Kiki terancam cacat seumur hidup.\r\nBiaya rumah sakit kelewat mahal untuk keluarga Yanti yang hidup pas-pasan. Dengan dalih luka ringan, Yanti dan Aria memutuskan pulang ke rumah, padahal belum sembuh benar. Untuk menghemat ongkos, Kiki juga kemudian dipindahkan ke Rumah Sakit Umum Daerah Abdoel Moeloek, Bandar Lampung. \r\nRSUD Abdoel Moeloek memang mempunyai fasilitas untuk orang tak mampu. Keputusan Yanti berobat jalan membuat kesehatannya memburuk. Ia dan Aria, anaknya yang terkecil, kembali harus menjalani perawatan di rumah sakit ini. Sementara, Kiki masih lemah tak berdaya.\r\nHaryono juga tak bisa berbuat apa-apa mengetahui kondisi keluarganya. Dia ingin sekali meminta maaf langsung pada keluarga tercintanya. Sejak kejadian itu, dia mengaku tidak pernah tenang. \"Saya nyesel bener,\" kata dia.\r\nNamun, penyesalannya tak membuat wajah Kiki, Aria, dan Yanti bisa kembali normal. Sebaliknya, akibat perbuatannya, keluarganya menderita. Dia juga bakal diganjar pasal berlapis. Kepala Kepolisian Kota Besar Bandar Lampung Komisaris Besar Polisi Drs. M. Imam Djauhari, mengatakan ia akan dijerat Pasal 351 Kitab Undang-undang Hukum Pidana tentang penganiayaan dengan luka berat dan Pasal 353 tentang penganiayaan berencana. Selain itu, dia juga bakal dijerat Pasal 44 UU Nomor 23 Tahun 2004 tentang Penghapusan Kekerasan Dalam Rumah Tangga. Sebagai ganjarannya, dia bakal dipidana penjara paling lama sepuluh tahun atau denda paling banyak Rp 30 juta.(MAK/Erlangga Wisnuaji dan Arry Trisna)",
    "summary": "Haryono tega membakar Kiki Marianti akibat cemburu melihat anak tirinya berdua dengan teman prianya. Dia mengaku jatuh cinta pada Kiki dan pernah dipergoki mencium gadis berusia 18 tahun ini."
}