{
    "id": "100656",
    "url": "https://www.liputan6.com/news/read/100656/nur-hasan-mengakui-membunuh-rekan-bisnisnya",
    "title": "Nur Hasan Mengakui Membunuh Rekan Bisnisnya",
    "date": "",
    "content": "Liputan6.com, Lamongan: Terdakwa kasus pembunuhan berantai Nur Hasan mengakui semua kejahatannya dalam persidangan di Pengadilan Negeri Lamongan, Jawa Timur, Senin (2/5). Dia mengaku menghabisi nyawa tiga rekan bisnisnya, Suyitno, Nyonya Sumiyati, dan Muhammad Arifin, karena terlilit utang.\r\n\r\nTerdakwa menuturkan, korban Suyitno dibunuh pada awal Februari 2002. Terdakwa memberi korban minuman ringan yang dicampur obat-obatan. Setelah meminum minuman beracun itu, korban sekarat dan akhirnya meninggal. Mayat korban dibuang di suatu kawasan di Surabaya, Jatim. \r\n\r\nKorban kedua, Nyonya Sumiyati, dibunuh dengan cara yang sama. Minuman korban diberi racun tikus. Mayat ibu ini dibuang di daerah Gresik, Jatim. Sedangkan Muhammad Arifin, digorok lehernya dan mayatnya dikubur di rumah yang sedang dibangun tersangka. Mendengar pengakuan terdakwa, Atida Kholis, istri Muhammad Arifin, tampak shock. Terdakwa juga mengatakan, motif pembunuhan itu dilakukan karena hendak menguasai uang para korban yang dititipkan padanya.\r\n\r\nPersidangan keenam kasus pembunuhan itu dimulai pukul 09.00 WIB hingga sekitar pukul 12.30 WIB. Sidang berjalan tanpa kericuhan. Sempat terjadi aksi saling dorong antara pengunjung dan polisi yang menjaga sidang. Aksi ini dipicu keinginan warga agar terdakwa segera dijatuhi hukuman mati. Namun, polisi berhasil mengendalikan situasi. Sidang akan dilanjutkan pekan depan. Jaksa penuntut umum akan menyampaikan tuntutannya terhadap terdakwa. Terdakwa sendiri siap dihukum mati [baca: Nur Hasan Siap Diganjar Hukuman Mati].\r\n\r\nSebelumnya sidang Nur Hasan selalu berakhir ricuh. Misalnya pada persidangan 25 April silam. Semula sidang berlangsung tertib. Majelis hakim yang dipimpin Mariam mendengarkan keterangan empat saksi, termasuk Eni Setianingrum, istri Nur Hasan. Namun, tiba-tiba suasana di luar ruangan sidang berubah kacau. Antara pengunjung saling tinju dan menyerang [baca: Bentrok Lagi di Persidangan Nur Hasan].(MAK/Tim Liputan 6 SCTV)",
    "summary": "Terdakwa Nur Hasan mengakui membunuh Suyitno, Nyonya Sumiyati, dan Muhammad Arifin, demi menguasai uang korban yang dititipkan padanya. Dua korban diberi minuman beracun dan seorang digorok."
}