{
    "id": "100648",
    "url": "https://www.liputan6.com/news/read/100648/pengusaha-sarung-majalaya-terancam-bangkrut",
    "title": "Pengusaha Sarung Majalaya Terancam Bangkrut",
    "date": "",
    "content": "Liputan6.com, Majalaya: Sejumlah pengusaha kain sarung di Majalaya, Kabupaten Bandung, Jawa Barat, terancam gulung tikar. Mereka kesulitan permodalan dan memasarkan produk, belakangan ini. Kenaikan harga bahan bakar minyak (BBM) awal Maret silam dan harga bahan baku tekstil yang rata-rata barang impor adalah salah satu kendala besar yang perlu diatasi.\r\nSejak krisis moneter tujuh tahun silam, masalah bertubi-tubi menimpa para pengusaha sarung Majalaya. Kesulitan semakin bertambah dengan maraknya kain sarung impor berharga murah di pasaran. Untuk mempertahankan usahanya, Mamay, misalnya, terpaksa mengurangi jam kerja para karyawan dan penggunaan bahan baku.\r\nMamay menambahkan, usaha ini makin sulit karena kondisi mesin tenun yang sudah tua dan sudah harus diperbarui. Sebab, mesin yang mereka miliki kebanyakan buatan 1956 dan sudah tidak layak pakai. Jika pemerintah tidak segera turun tangan, industri kain sarung Majalaya mungkin saja tinggal sejarah.(ZIZ/Patria Hidayat dan Tauifik Hidayat)",
    "summary": "Sejumlah pengusaha sarung di Majalaya, Kabupaten Bandung, Jawa Barat, menjerit bakal gulung tikar. Mereka kesulitan mendapatkan modal dan memasarkan produk pascakenaikan harga bahan bakar minyak."
}