{
    "id": "100725",
    "url": "https://www.liputan6.com/news/read/100725/belasan-perwira-tni-melaporkan-kenaikan-pangkat",
    "title": "Belasan Perwira TNI Melaporkan Kenaikan Pangkat",
    "date": "",
    "content": "Liputan6.com, Jakarta: Sebanyak 16 perwira TNI secara resmi melaporkan kenaikan pangkat kepada Panglima TNI Jenderal Endriartono Sutarto di Markas TNI, Cilangkap, Jakarta Timur, Selasa (3/5) pukul 08.00 WIB. Kenaikan pangkat sesuai Keputusan Presiden Nomor 18 Tahun 2005 [baca: Tiga Kepala Staf Memperoleh Kenaikan Pangkat].\r\nTiga di antara perwira itu adalah para kepala staf TNI. Kepala Staf TNI Angkatan Darat Djoko Santoso kini berpangkat jenderal bintang empat. Pangkat Kepala Staf TNI Angkatan Laut Slamet Soebijanto dinaikkan menjadi laksamana dan Kepala Staf TNI Angkatan Udara Djoko Suyanto kini berpangkat marsekal TNI. Selain itu, dua mayor jenderal dinaikkan pangkatnya satu tingkat. Yakni Letnan Jenderal Endang Suwarya, pemangku Wakil KSAD dan Letnan Jenderal TNI Sjafrie Sjamsoeddin yang menjabat Sekretaris Jenderal Departemen Pertahanan. Dalam Keppres itu juga pangkat delapan perwira tinggi dinaikkan dari bintang satu ke bintang dua dan tiga kolonel dinaikkan menjadi brigadir jenderal.(MAK/Tim Liputan 6 SCTV)",
    "summary": "Enam belas perwira TNI melaporkan kenaikan pangkat mereka secara resmi kepada Panglima TNI Jenderal Endriartono Sutarto sesuai Keputusan Presiden Nomor 18/2005. Termasuk di antara mereka adalah tiga kepala staf TNI."
}