{
    "id": "101091",
    "url": "https://www.liputan6.com/news/read/101091/lomba-memecahkan-rekor-berjoget-di-semarang",
    "title": "Lomba Memecahkan Rekor Berjoget di Semarang",
    "date": "",
    "content": "Liputan6.com, Semarang: Joget. Mari joget. Sepenggal syair sebuah lagu itu kiranya pas diteriakkan sekitar 220 warga Semarang, Jawa Tengah, yang berjoget sejak Sabtu pagi hingga Ahad (8/5) sore. Mereka secara terus-menerus meliuk-liukkan tubuhnya, bergoyang ria untuk memecahkan rekor berjoget selama 32 jam. Rekor joget sebelumnya tercatat selama 29 jam pada tahun 2000.\r\nSelama berjoget mereka diiringi irama musik dan lagu dangdut yang disenandungkan beberapa penyanyi lokal. Para pejoget ini bersaing untuk memecahkan rekor waktu paling lama. Peserta bergoyang melewati pagi, malam dan hingga kembali menjelang sore hari. Makan dan minum dilakukan peserta sambil tetap bergoyang pinggul. Pejoget hanya diberi waktu 10 menit istirahat untuk menjalankan ibadah salat bagi yang memeluk agama Islam.(DEN/Yudi Sutomo)",
    "summary": "Selama berjoget para peserta diiringi irama musik dan lagu dangdut yang disenandungkan beberapa penyanyi lokal. Peserta bergoyang melewati pagi, malam dan hingga kembali menjelang sore hari selama 32 jam."
}