{
    "id": "101703",
    "url": "https://www.liputan6.com/news/read/101703/dana-taktis-kpu-juga-diterima-depkeu",
    "title": "Dana Taktis KPU Juga Diterima Depkeu",
    "date": "",
    "content": "Liputan6.com, Jakarta: Kepala Biro Keuangan Komisi Pemilihan Umum Hamdani Amin mengungkapkan bahwa selain ke Badan Pemeriksa Keuangan, dana taktis KPU mengalir ke Departemen Keuangan dan sejumlah anggota Komisi II DPR periode 1999-2004. Hal ini disampaikan kuasa hukum Hamdani, Abidin, di Jakarta, Selasa (17/5) [baca: Auditor BPK Menerima Dana Taktis KPU].\r\nMenurut Abidin, Hamdani mengatakan dana taktis sebesar Rp 520 juta mengalir ke BPK. Sementara sejumlah anggota Komisi II DPR menerima sebesar Rp 160 juta. Namun, Hamdani tidak mengungkapkan besaran dana taktis yang mengalir ke Departemen Keuangan.\r\nAbidin juga mengatakan, kliennya mengaku memiliki bukti penyetoran kepada ketiga lembaga tersebut yang akan diungkapkan di pengadilan. Namun demikian, berkaitan dengan nama-nama penerima dana taktis tersebut, kuasa hukum Hamdani ini tidak bisa menyebutkannya.\r\nTadi siang, atas inisiatif sendiri, Wakil Ketua KPU Ramlan Surbakti mendatangi Kantor Komisi Pemberantas Korupsi di Jalan Veteran, Jakarta Pusat. Ramlan mengaku diperiksa sekitar tujuh jam oleh tim penyidik dari KPK. Dia juga mengaku ditanyai seputar proses rapat pleno KPU. Menurut Ramlan, rapat pleno KPU sama sekali tidak pernah membahas adanya dana taktis yang dikumpulkan dari rekanan KPU.\r\nSekitar 100 orang dari berbagai elemen berunjuk rasa di depan Kantor KPU di Jalan Iman Bonjol, Jakpus. Demonstran hanya mampu berorasi di luar gerbang KPU karena ketatnya penjagaan polisi. Mereka mendesak Presiden Susilo Bambang Yudhoyono dan Wakil Presiden Jusuf Kalla untuk mengungkap tuntas dugaan korupsi di tubuh KPU. Pengunjuk rasa membawa beberapa ekor tikus sebagai simbol tindakan korupsi.\r\nDemonstran juga mendesak pemerintah memberi keleluasaan kepada tim penyidik KPK untuk memeriksa para tersangka koruptor di KPU, termasuk memeriksa Menteri Hukum dan Hak Asasi Manusia Hamid Awaludin yang juga mantan anggota KPU.(ZIZ/Tim Liputan 6 SCTV)",
    "summary": "Kepala Biro Keuangan KPU Hamdani Amin mengungkapkan, dana taktis KPU juga mengalir ke Depkeu dan anggota Komisi II DPR 1999-2004. Bukti penyetoran dana kepada BPK, Depkeu, dan anggota Dewan akan diungkapkan di pengadilan."
}