{
    "id": "101893",
    "url": "https://www.liputan6.com/news/read/101893/sumber-dana-taktis-versi-hamdani",
    "title": "Sumber Dana Taktis Versi Hamdani",
    "date": "",
    "content": "Liputan6.com, Jakarta: Keterangan Hamdani Amin, Kepala Biro Keuangan Komisi Pemilihan Umum, soal dana taktis senilai Rp 20 miliar dan ribuan dolar Amerika Serikat cukup mengejutkan. Apalagi, Ketua KPU Nazaruddin Sjamsuddin membantah keras kesaksiannya soal dana dengan jumlah yang besar itu. Namun, Hamdani mengatakan kepada penyidik Komisi Pemberantasan Korupsi bahwa Nazaruddinlah yang mengarahkan dan memberi dia petunjuk agar menerima dana itu dari 14 rekanan KPU pada November tahun kemarin.\r\nDi hadapan penyidik di Jakarta, baru-baru ini, Hamdani mengaku menerima dana dari Grup Astra Internasional sebulan setelah menerima instruksi lisan soal dana taktis itu dari Nazaruddin. Produsen mobil ini menyetor dana Rp 1,347 miliar. Tahap kedua, Astra kembali memberikan dana ke KPU senilai Rp 1,33 miliar, sekitar Januari 2004.\r\nKPU juga menyambut suntikan dana dari PT Kertas Leces yang memasok kertas untuk logistik Pemilihan Umum 2004. Tidak tanggung-tanggung, perusahaan ini mengalirkan uang dalam tiga tahap yang berjumlah total US$ 511 ribu. Sumbangan itu diberikan pada Maret tahun kemarin. Hamdani juga buka mulut tentang penyaluran dana dari PT Sukares. Perusahaan rekanan KPU ini menyerahkan uang US$ 57.900.\r\nMenurut Hamdani dana taktis ini diberikan kepada semua anggota KPU di luar gaji. Seorang anggota DPR, pegawai Departemen Keuangan, penyidik Badan Pemeriksa Keuangan, dan sejumlah staf KPU juga ikut kecipratan fulus tak resmi ini. Abidin, pengacara Hamdani, menyebutkan duit yang dialirkan ke anggota Dewan sebesar Rp 160 juta dan BPK kebagian Rp 450 juta. Sedangkan uang US$ 78 ribu disetorkan M. Dentjik, Wakil Kepala Biro Keuangan KPU, ke Depkeu atas persetujuan Nazaruddin [baca: Nazaruddin Sjamsuddin Bungkam].(TNA/Tim Liputan 6 SCTV)",
    "summary": "Hamdani Amin, Kepala Biro Keuangan KPU, mengatakan dana taktis berasal dari 14 rekanan KPU. Di antaranya dari Grup Astra Internasional sekitar Rp 2,6 miliar dan US$ 511 ribu dari PT Kertas Leces."
}