{
    "id": "102179",
    "url": "https://www.liputan6.com/news/read/102179/foto-bupati-di-sampul-alquran-tak-masalah",
    "title": "Foto Bupati di Sampul Alquran Tak Masalah",
    "date": "",
    "content": "Liputan6.com, Pemalang: Setelah melalui perdebatan panjang, para kiai di Pemalang, Jawa Tengah, Selasa (24/5), akhirnya menggeluarkan pernyataan yang membolehkan foto bupati di sampul Alquran. Namun, mereka membatasi, foto dan misi-misi calon bupati di sampul terpisah dari Alquran.\r\nPara kiai di Pemalang merasa harus berkumpul dan memperdebatkan kasus tersebut menyusul beredarnya Alquran bersampul Bupati Machroes, menjelang pilkada. Kasus serupa juga terjadi di Indramayu, Jawa Barat. Bupati Irianto M.S. Safiuddin juga memasang foto diri di sampul Alquran yang dibagi-bagikan ke majelis taklim dan sejumlah pesantren [baca: Foto Sang Bupati dalam Alquran ].\r\nDigambarkan, untuk mendapatkan keputusan, para kiai dari sejumlah pesantren di Pemalang sampai rapat selama empat jam. Awalnya, sebagian kiai menentang. Namun, akhirnya panitia perumus yang terdiri atas ulama dan kiai sepuh membolehkan.\r\nAnggota Syuriah Pengurus Nahdlatul Ulama Jateng Kiai Haji Muchlas yang datang sebagai undangan  secara pribadi menyatakan tidak setuju atas putusan rapat. Dia juga mengimbau kepada bupati sebaiknya mencabut dan menarik Alquran bergambar foto serta visi dan misinya. Muchlas khawatir, jika aksi penempelan foto dan atribut lainnya pada Alquran tidak dihentikan akan memecah belah umat Islam di Pemalang.(YYT/Budi Harto)",
    "summary": "Sejumlah kiai Nahdlatul Ulama di Kabupaten Pemalang, Jawa Tengah, mengeluarkan keputusan membolehkan foto bupati dipasang dalam sampul Alquran. Untuk mendapatkan keputusan para kiai berdebat selama empat jam."
}