{
    "id": "103255",
    "url": "https://www.liputan6.com/news/read/103255/kampanye-pilkada-mataram-ricuh",
    "title": "Kampanye Pilkada Mataram Ricuh",
    "date": "",
    "content": "Liputan6.com, Mataram: Kampanye pemilihan kepala daerah (pilkada) di ruang sidang paripurna DPRD Mataram, Nusatenggara Barat, Jumat (10/6), diwarnai kericuhan. Massa yang menghadiri acara penyampaian visi, misi, dan program kerja ini bahkan nyaris baku pukul. Sejumlah orang mengejar dan mendekati Wildan, anggota Fraksi Partai Persatuan Pembangunan yang melakukan interupsi.\r\nKampanye hari pertama ini awalnya berjalan tertib. Tiga pasangan calon wali kota dan wakil wali kota Mataram yaitu, Ridwan Hidayat-Willgo Zainar, Lalu Bakri-Ari Wiryawan Harun Al Rasyid, dan Joko Prayitno-Prajendra, menyampaikan visi dan misi dengan lancar.\r\nSuasana panas saat pasangan mantan Wali Kota Mataram Muhammad Ruslan dan Ahyar Abduh berpidato. Pasalnya, Wildan melakukan interupsi untuk mengingatkan Ruslan bahwa pertanggungjawaban akhir tahunnya sebagai wali kota ditolak Fraksi PPP. Padahal, tidak ada tanya jawab dalam acara ini. Interupsi ini mengundang emosi pendukung Ruslan yang hadir. Namun, polisi berhasil menyelamatkan Wildan dari amuk massa.\r\nKericuhan juga terjadi dalam kampanye hari pertama pilkada di Kabupaten Pangkep, Sulawesi Selatan. Ratusan mahasiswa Politeknik Pertanian Negeri Pangkep nyaris bentrok dengan polisi yang mengawal kampanye. Mereka menuntut DPRD dan Komisi Pemilihan Umum Kabupaten Pangkep membatalkan pilkada yang berlangsung 27 Juni mendatang. Alasan mereka, salah satu pasangan kandidat terkait sejumlah kasus.\r\nUnjuk rasa ratusan mahasiswa bersama masyarakat setempat awalnya digelar di depan kampus. Demonstran kemudian bergerak ke Gedung DPRD Pangkep tempat para kandidat bupati dan wakil bupati sedang kampanye. Massa sempat bersitegang dengan pendukung salah satu calon yang tidak senang dengan aksi mahasiswa ini. Seorang pendukung lain nyaris jadi sasaran kemarahan mahasiswa karena tertangkap basah menyusup di tengah-tengah demonstran.\r\nMahasiswa juga sempat bentrok dengan polisi yang memblokade pintu masuk gedung. Saling dorong tak dapat dihindarkan. Kendati ada unjuk rasa, penyampaian visi, misi ketiga pasangan calon berjalan lancar.\r\nAksi mahasiswa menuntut penundaan pilkada di Pangkep sudah berlangsung sejak tahap penjaringan hingga penetapan pasangan calon. Mereka menolak calon bupati Gaffar Pattape dan Taufik Fahruddin karena diduga terkait sejumlah perkara [baca: Unjuk Rasa Mahasiswa di DPRD Pangkep Rusuh].(YAN/Tim Liputan 6 SCTV)",
    "summary": "Massa mengejar Wildan karena menginterupsi ketika pasangan Ruslan dan Ahyar Abduh sedang menyampaikan visi dan misi. Dalam aturan kampanye di ruang Dewan ini memang tak ada agenda tanya jawab."
}