{
    "id": "103437",
    "url": "https://www.liputan6.com/news/read/103437/ribuan-pns-temanggung-kembali-mogok-kerja",
    "title": "Ribuan  PNS  Temanggung Kembali Mogok Kerja",
    "date": "",
    "content": "Liputan6.com, Temanggung: Ribuan pegawai negeri sipil (PNS) pemerintah Kabupaten Temanggung, Jawa Tengah mogok kerja, Selasa (14/6) pagi. Akibat aksi ini aktivitas Pemkab Temanggung lumpuh. Mogok kerja dipicu keputusan Bupati Totok Ari Prabowo yang memberhentikan dan mengangkat sekitar 78 pejabat baru di lingkungan pemerintah daerah setempat.\r\nSementara itu DPRD Temanggung menggelar rapat paripurna dengan agenda pemanggilan Totok. Namun Totok tak datang. Ia hanya memberi keterangan tertulis. Dalam keterangan disebutkan pemberhentian dan pengangkatan 78 pejabat itu sesuai prosedur yakni untuk mengisi kekosongan pejabat lama yang berhenti. Menurut Totok, langkah itu dilakukan demi kelangsungan pelayanan publik.\r\nNamun dalam sidang paripurna yang dipimpin Ketua DPRD Temanggung Bambang Sukarno merekomendasikan penolakan jawaban tertulis itu. Dewan menilai langkah yang diambil Totok tidak melalui mekanisme Badan Pertimbangan Jabatan dan Kepangkatan yang melibatkan Badan Kepegawaian setempat. Lantaran itu, Dewan merekomendasikan penonaktifan Totok.(JUM/Yudi Sutomo dan Taufan Yudha)",
    "summary": "Aktivitas Pemkab Temanggung lumpuh karena ribuan PNS mogok kerja. DPRD setempat merekomendasikan penonaktifan Bupati Totok Ari Prabowo karena memberhentikan dan mengangkat 78 pegawai yang tidak sesuai prosedur."
}