{
    "id": "103428",
    "url": "https://www.liputan6.com/news/read/103428/sebelas-media-massa-mendemo-dewan-pers",
    "title": "Sebelas Media Massa Mendemo Dewan Pers",
    "date": "",
    "content": "Liputan6.com, Jakarta: Sejumlah wartawan yang mewakili 11 media massa cetak dan elektronik, termasuk SCTV, mendatangi Dewan Pers di Kebon Sirih, Jakarta Pusat, Senin (13/6). Mereka mendesak Dewan Pers mencabut rekomendasi nomor 7/PPR-DP/V/2005. Dewan Pers dinilai telah mengeluarkan penilaian yang terburu-buru dan kurang memahami tugas wartawan di lapangan. Edison Siahaan, Ketua Forum Wartawan Polri menyatakan, pada saat itu pihaknya tak mendapat keterangan dari tersangka karena memang dilarang Kepolisian Daerah Metro Jaya.\r\nKasus ini berawal dari pemuatan berita penculikan yang diduga dilakukan Lisa Lukitawati terhadap Direktur PT Mecomb Teknik, Setiadji Munawar [baca: Sepekan dalam Sekapan]. Hilman, kuasa hukum Lisa, kemudian mengadu ke Dewan Pers karena menilai pemberitaan kesebelas media massa kurang berimbang, tanpa konfirmasi ke kliennya atau pihak keluarga.\r\nAtas pengaduan Hilman, Dewan Pers akhirnya mengeluarkan penilaian dan rekomendasi kepada sebelas media massa agar memberi kesempatan kepada Lisa dan keluarganya menggunakan hak jawab. Namun, penilaian dan rekomendasi Dewan Pers ini menuai protes dari Forum Wartawan Polri.(YAN/Linda Mada dan Amulher)",
    "summary": "Sebelas media massa yang diminta memuat hak jawab atas penculikan yang diduga dilakukan Lisa Lukitawati menilai Dewan Pers mengeluarkan penilaian yang terburu-buru dan kurang memahami tugas wartawan."
}