{
    "id": "103514",
    "url": "https://www.liputan6.com/news/read/103514/tiga-pengedar-uang-palsu-dicokok",
    "title": "Tiga Pengedar Uang Palsu Dicokok",
    "date": "",
    "content": "Liputan6.com, Jakarta: Personel Kepolisian Resor Metro Jakarta Pusat, baru-baru ini, mencokok tiga tersangka pengedar uang palsu. Seto, Edi, dan Ananto dibekuk di Terminal Bus Kampung Melayu, Jakarta Timur. Polisi juga menyita ribuan lembar uang palsu senilai Rp 50 juta. Tiga sekawan ini diringkus berdasarkan keterangan rekan mereka yang lebih dahulu dibekuk polisi, awal Mei silam. \r\nBerdasarkan informasi yang dihimpun SCTV, Ananto ditahan terlebih dahulu ketika ketahuan menggunakan uang palsu Rp 50 ribu untuk membeli rokok di warung. Sedangkan Seto ditangkap kala menyerahkan uang palsu pecahan lima puluh ribuan senilai Rp 50 juta kepada Edi.\r\nKepada polisi, Seto mengaku, mendapat uang palsu dari Muhari, produsen uang palsu di Bogor, Jawa Barat. Edi dan Ananto hanya bertugas mengantarkan uang palsu dari Seto kepada konsumen. Ketiga tersangka mengedarkan uang palsu itu di wilayah Jakarta Pusat dan Bogor. Selembar uang palsu Rp 50 ribu, dijual seharga Rp 10 ribu. Mereka hanya melayani order uang palsu minimal seribu lembar.(MAK/Widyaningsih dan Wisnu Murti)",
    "summary": "Seto, Edi, dan Ananto yang biasa mengedarkan uang palsu di Jakpus dan Bogor diringkus di Terminal Bus Kampung Melayu, Jaktim. Polres Metro Jakarta Pusat menyita uang palsu Rp 50 ribu senilai Rp 50 juta."
}