{
    "id": "103778",
    "url": "https://www.liputan6.com/news/read/103778/panwas-sintang-menyebarkan-selebaran-antipolitik-uang",
    "title": "Panwas Sintang Menyebarkan Selebaran Antipolitik Uang",
    "date": "",
    "content": "Liputan6.com, Sintang: Panitia Pengawas Pemilihan KEpala Daerah (Panwas Pilkada) Kabupaten Sintang, Kalimantan Barat, Sabtu (18/6), menyebarkan ribuan selebaran antipolitik uang. Selebaran dibagi-bagikan di tempat-tempat keramaian. Selain selebaran, Panwas Sintang juga memasang spanduk untuk mewaspadai politik uang dalam pilkada yang akan digelar besok.\r\nMenurut Ketua Panwas Pilkada Sintang Heriyadi, selain masalah politik uang, pihaknya juga dipusingkan dengan kampanye hitam yang bernuansa suku, agama, ras dan antargolongan (SARA). Kampanye gelap dalam bentuk selebaran itu juga menjelek-jelekkan setiap calon bupati.\r\nSementara di Semarang, Jawa Tengah, kampanye calon wali kota Sudiro-Musyafir dibubarkan panwas setempat karena melakukan kampanye di luar jadwal resmi. Awalnya, kampanye akan dilakukan di halaman Pos Polisi Air Tambak Lorok, Semarang. Tetapi karena kampanye tersebut dilakukan di luar agenda resmi kampanye, panwas dan kepolisian membubarkan acara tersebut. Peralatan pengeras suara yang sudah disiapkan terpaksa diturunkan panitia.\r\nMenurut Ketua Panwas Kecamatan Semarang Utara Supardi, pihaknya menemukan banyak bukti aktivitas kampanye di luar jadwal. Kampanye itu tidak selalu terbuka melainkan dalam bentuk pembagian kupon makan dan makanan ringan yang bergambar pasangan calon wali kota dan wakilnya. Kasus tersebut, menurut Supardi sudah dilaporkan ke Panwas Kota Semarang.(YYT/Tim Liputan 6 SCTV)",
    "summary": "Menjelang pemilihan bupati di Sintang, Kalimantan Barat, panwas setempat menyebarkan ribuan selebaran antipolitk uang. Panwas setempat juga mencoba meredam kampanye negatif yang bernuansa SARA."
}