{
    "id": "104176",
    "url": "https://www.liputan6.com/news/read/104176/puluhan-pelaku-kriminalitas-di-medan-dibekuk",
    "title": "Puluhan Pelaku Kriminalitas di Medan Dibekuk",
    "date": "",
    "content": "Liputan6.com, Medan: Delapan puluh pelaku kriminal yang kerap meresahkan warga Medan, Sumatra Utara, diringkus Satuan Reserse Kriminal Kepolisian Kota Besar Medan, baru-baru ini. Mereka disangka terlibat dalam berbagai kasus. Antara lain, perampokan, pemerasan, premanisme, dan peredaran narkotik dan obat-obatan berbahaya.\r\nPolisi juga menyita sejumlah barang bukti seperti senjata tajam dan puluhan kilogram ganja dari Nanggroe Aceh Darussalam yang rencananya diedarkan di Medan. Kepala Kepolisian Medan Komisaris Besar Polisi Irawan Dahlan mengatakan, pihaknya akan terus menggelar operasi sehingga angka kejahatan di Medan menurun.(ZIZ/Amal Rambe)",
    "summary": "Sebanyak 80 pelaku kriminal yang kerap meresahkan warga Medan, Sumut, diringkus Satuan Reserse Kepolisian Kota Besar Medan. Puluhan tersangka itu diciduk polisi dari berbagai operasi yang digelar."
}