{
    "id": "104512",
    "url": "https://www.liputan6.com/news/read/104512/tentara-yang-dipergoki-presiden-sedang-diproses",
    "title": "Tentara yang Dipergoki Presiden Sedang Diproses",
    "date": "",
    "content": "Liputan6.com, Jakarta: Dua anggota TNI yang tertangkap basah \"melihat orang memancing\" di stasiun pelayanan bungker (stationery bunker service) Pelabuhan Bongkar Muat Pertamina 1-4 di Tanjungpriok, Jakarta Utara, kemarin, sudah diproses. Juru Bicara Kepresidenan Andi Mallarangeng di Jakarta, Jumat (1/7), mengatakan kasus kedua tentara ini sudah diserahkan ke kesatuan masing-masing.\r\nPresiden Susilo Bambang Yudhoyono menggelar inspeksi mendadak untuk mengecek langsung kondisi aman stok BBM sekaligus berdialog dengan para pekerja yang biasa bergelut dengan bongkar muat bahan bakar minyak. \"Siapa itu? Kenapa ada di sini,\" kata Presiden menunjuk dua pria berpakaian seragam TNI yang berkeliaran di lokasi. Presiden segera meminta Sekretaris Kabinet Letnan Jenderal TNI Sudi Silalahi untuk mengecek kepentingan dua tentara itu.\r\n\"Siap, kami sedang melihat orang memancing, Dan!\" kata salah seorang tentara yang ditanyai Sudi. Dada pria berbadan gempal ini turun naik tak beraturan. Wajah keduanya pucat. \"Siap, kalau dilaporin celaka kami, Dan,\" kata tentara yang sama masih dengan suara bergetar.\r\n\"Kamu bujangan\" kata Sudi sambil menyentuh lengan tentara itu. Seperti kena setrum, tentara itu terkejut, segera membusungkan dada, dan menjawab, \"Siap bujangan, Dan!\" Sudi kemudian meminta kartu anggota keduanya. Saat itu, Presiden meminta Sudi untuk menindaklanjuti masalah ini.(TNA/Tim Liputan 6 SCTV)",
    "summary": "Dua anggota TNI yang dipergoki Presiden Yudhoyono berkeliaran di pelabuhan bongkar muat bahan bakar minyak milik Pertamina di Tanjungpriok, Jakarta Utara, telah diserahkan ke kesatuan masing-masing."
}