{
    "id": "104888",
    "url": "https://www.liputan6.com/news/read/104888/janji-pertamina-bohong",
    "title": "Janji Pertamina Bohong",
    "date": "",
    "content": "Liputan6.com, Jakarta: Tias Suban kecewa. Warga Kupang, Nusatenggara Timur, merasa dibohongi Pertamina. Betapa tidak, antrean panjang pembeli masih terjadi di stasiun pengisian bahan bakar untuk umum di sana, hingga Kamis (7/7) siang. Bahkan, sampai ada yang sempat menginap di pom bensin untuk mendapatkan BBM. &quotAntrean lebih parah dari kemarin,\" kata Tias yang dihubungi lewat telepon di Kupang, hari ini sekitar pukul 12.20 WIB.\r\nDalam acara Topik Minggu Ini di SCTV, Rabu malam, Hubungan Masyarakat Pertamina Abadi Purnama sempat mendapat pertanyaan dari Tias lewat telepon tentang kelangkaan bahan bakar minyak di Kupang. Menurut perkiraan Abadi, kapal tanker milik Pertamina tengah merapat di Kupang, malam itu. &quotHarapan kami malam ini kapal sudah merapat dan bisa dibongkar. Insya Allah, besok sekitar jam 10.00 WITA dan 11.00 WITA semua SPBU bisa diisi,\" ujar dia [baca: Maaf Bensin Habis].\r\nKelangkaan BBM jenis premium juga masih terjadi di Lampung, hingga Kamis ini. Sejak pagi, warga Bandar Lampung mengantre untuk membeli bensin. Setiap orang dibatasi mendapatkan bensin maksimal Rp 10 ribu. Petugas pom bensin juga menolak pembeli yang menggunakan jeriken. Kebijakan ini diberlakukan untuk menghindari penyalahgunaan oleh pengecer yang menjual kembali bensin kepada masyarakat dengan harga tinggi.\r\nDi Jambi, sebagian warga justru memilih membeli premium di pedagang eceran untuk menghindari antrean panjang di SPBU. Sudah begitu, jumlah pembelian bensin di stasiun pompa bensin dibatasi. Karena itu, mereka lebih memilih membeli premiun di pedagang eceran meski harga mencapai antara Rp 5.000 hingga Rp 7.000.\r\nSementara di Polewali, Sulawesi Barat, kelangkaan premium menyebabkan sebagian angkutan umum, termasuk ojek berhenti beroperasi. Sebagian lagi tetap beroperasi namun jam operasi dikurangi. Hal ini dilakukan untuk mengirit penggunaan bahan bakar. Para pengemudi angkutan mengaku enggan untuk antre terus-menerus di pom bensin atau membeli bensin eceran dengan harga yang cukup tinggi.(AWD/Tim Liputan 6 SCTV)",
    "summary": "Antrean panjang tetap terjadi di pom bensin di Kupang, NTT. Padahal, Rabu malam pada acara Topik Minggu Ini di SCTV, Humas Pertamina Abadi Purnama meyakini, Kamis pagi, pasokan BBM telah sampai di SPBU."
}