{
    "id": "105354",
    "url": "https://www.liputan6.com/news/read/105354/kiat-bertahan-usaha-percetakan-undangan",
    "title": "Kiat Bertahan Usaha Percetakan Undangan",
    "date": "",
    "content": "Liputan6.com, Jakarta: Kenaikan harga bahan bakar minyak beberapa silam juga diikuti dengan kenaikan sejumlah barang, tak terkecuali harga kertas. Kenaikan harga kertas juga diikuti lonjakan harga jual barang-barang hasil cetakan. Tapi, ini tak berlaku bagi kalangan bisnis kartu undangan. Mereka menyiasati kondisi ini dengan mengurangi ukuran kertas tanpa menaikkan harga. Strategi ini pula yang dilakukan Budi Dwihariyanto, pemilik sebuah percetakan kartu undangan di Jakarta.\r\nMenurut Budi, baru-baru ini, ia terpaksa mengurangi ukuran kartu undangan agar usahanya dapat bertahan. Dengan demikian, tak perlu menaikkan harga jual kepada konsumen. Untuk tetap memikat pembeli, ia terus berusaha meningkatkan kualitas dan keindahan kartu undangan. Contohnya, dengan menciptakan model amplop separuh, bingkai undangan, menggunakan daun atau mengganti amplop dengan kain blacu.\r\nBudi menjelaskan, kartu undangan buatannya dijual dengan harga bervariasi mulai dari Rp 5 ribu hingga Rp 35 ribu per lembar, tergantung motif dan model yang diinginkan pelanggan. Sedangkan omzet usaha ini berkisar Rp 20 juta dalam sebulan.(ORS/Nastiti Lestari dan Ferry Efendi)",
    "summary": "Meski harga bahan baku kertas naik, kalangan pengusaha percetakan kartu undangan mampu bertahan tanpa harus menaikkan harga. Mereka memilih memperkecil ukuran kertas ketimbang mengurangi bahan pokok."
}