{
    "id": "105510",
    "url": "https://www.liputan6.com/news/read/105510/operasi-antinarkoba-di-sejumlah-daerah-marak",
    "title": "Operasi Antinarkoba di Sejumlah Daerah Marak",
    "date": "",
    "content": "Liputan6.com, Denpasar: Janji Kapolri Jenderal Polisi Sutanto untuk memberantas penyakit masyarakat pada awal kepemimpinannya terus dilakukan jajarannya di daerah-daerah. Di Denpasar, Bali, jajaran Kepolisian Kota Besar Denpasar bersama Kepolisian Daerah Bali menggelar operasi narkotik dan obat-obatan berbahaya besar-besaran, baru-baru ini. Kali ini, operasi digelar di kawasan Batu Mas dan Batu Kauh, Denpasar. Kedua tempat ini dikenal sebagai tempat peredaran dan transaksi narkoba di Denpasar.\r\nSebanyak 40 polisi dengan dibantu anjing pelacak menyisir rumah-rumah yang dicurigai sebagai tempat transaksi narkoba di kawasan Batu Mas dan Batu Kauh. Setelah lebih dari dua jam melakukan pencarian, polisi menemukan sedikitnya 40 alat suntik dan delapan paket heroin. Sayangnya, tak seorang pun tersangka yang diduga sebagai pemilik barang bukti tersebut ditangkap. Diduga, operasi ini telah diketahui para bandar narkoba sehingga mereka sudah menghindar sebelum operasi dilakukan.\r\nDi Jambi, razia narkoba juga dilakukan di sejumlah tempat hiburan malam. Di sebuah hotel, polisi menemukan seseorang yang mengaku anggota TNI yang keberatan gambarnya diambil oleh koresnponden SCTV. Bahkan, oknum TNI itu berusaha merampas kamera. Akhirnya, sang oknum dapat ditenangkan seorang perwira polisi yang memimpin operasi pemberantasan narkoba itu. Dari hasil operasi, polisi menahan beberapa orang yang diduga mengonsumsi narkoba.\r\nRazia serupa juga digelar di Kota Kupang, Nusatenggara Timur. Namun operasi yang dipimpin Direktur Reserse dan Kriminal Polda NTT Ajun Komisaris Besar Polisi Irawan ini tak efekktif. Sasaran razia hanya para karyawan dan sebagian pengunjung saja. Sementara pengunjung lainnya tak menjadi sasaran operasi. Tak heran, operasi kali ini tak menemukan barang bukti maupun tersangka.(ORS/Tim Liputan 6 SCTV)",
    "summary": "Di Denpasar, Bali, operasi yang digelar di kawasan Batu Mas dan Batu Kauh, hanya menemukan barang bukti. Di Kupang, NTT, operasi antinarkoba di sejumlah tempat hiburan malam tak membuahkan hasil."
}