{
    "id": "105617",
    "url": "https://www.liputan6.com/news/read/105617/empat-jenazah-penumpang-km-digul-kembali-ditemukan",
    "title": "Empat Jenazah Penumpang KM Digul Kembali Ditemukan",
    "date": "",
    "content": "Liputan6.com, Merauke: Tim evakuasi kembali menemukan empat jenazah penumpang Kapal Motor Digul yang tenggelam di Laut Arafuru, Merauke, Papua, pekan kemarin. Sampai, Selasa (19/7) siang, berarti sudah 67 mayat ditemukan.\r\nEmpat jenazah terdampar di perairan Wambi dan Dokip, Merauke. Jasad korban sudah tak utuh lagi saat ditemukan. Satu mayat diidentifikasi sebagai Zainal Hadi yang ditemukan tanpa kepala dan tangan. Mayat Zainal dikenali dari kartu identitas yang ada di saku celananya. Sementara tiga mayat lainnya belum berhasil diidentifikasi.\r\nPencarian korban kali ini juga terpaksa dihentikan menjelang sore hari. Tim penyelamat tak berani mengambil resiko karena cuaca tak bersahabat. Rencananya pencarian korban dilanjutkan pagi besok sambil menunggu kedatangan kapal perang RI (KRI) Teluk Sangkurilang dari Surabaya, Jawa Timur.\r\nSementara itu wartawan SCTV Muhamad Ridwan dan Erwin Arief melaporkan, pemotongan lanjutan badan KM Digul kemungkinan besar distop. Pasalnya posisi kapal sudah makin tenggelam dan hilang dari permukaan air [baca: Buritan KM Digul Mulai Karam].(ICH)",
    "summary": "Sampai siang tadi berarti tim penyelamat sudah menemukan 67 mayat. Satu dari empat mayat korban yang baru ditemukan diindentifikasi sebagai Zainal Hadi."
}