{
    "id": "106428",
    "url": "https://www.liputan6.com/news/read/106428/kesal-pada-mertua-istri-pun-dibunuh",
    "title": "Kesal pada Mertua Istri pun Dibunuh",
    "date": "",
    "content": "liputan6.com, Pontianak: Lusiana ditemukan tewas di kebun kelapa di kawasan Simpang Pakallu, Kecamatan Sungai Pinyu, Pontianak, Kalimantan Barat, baru-baru ini. Perempuan yang memiliki bayi berumur 40 hari ini diperkirakan meninggal sehari sebelum ditemukan. Korban ditemukan dalam posisi telungkup dengan luka memar pada bagian wajah sebelah kiri dan bekas tusukan di leher sebelah kiri.\r\nKepala Unit Kepolisian Sektor Sungai Pinyu Inspektur Dua Wahyudi Rahman mengatakan, Hamdani, sang suami ditetapkan sebagai tersangka. Menurut seorang warga bernama Darmadi, sebelum Lusiana tewas, terlihat jalan bersama Hamdani. \"Sekitar jam 12.00 siang, [Lusiana] lagi berjalan beriringan sama suaminya,\" kata Darmadi.\r\nSementara itu Hamdani menuturkan, ia menghabisi nyawa sang istri karena kesal dengan perlakuan keluarga Lusiana. Menurut pengakuan Hamdani, keluarga Lusiana sering menyinggung perasannya. \"Perlakuannya baik, tapi di balik baik itu menyakitkan perasaan dan seakan-akan memutuskan hubungan,\" kata Hamdani. Selama ini Hamdani tinggal di rumah mertuanya di Pancasila, Kecamatan Sungai Pinyu, Pontianak.\r\nSetahun lebih pria yang sehari-hari berprofesi sebagai nelayan ini menahan kejengkelan pada Lusiana dan keluarganya. Kekesalan semakin memuncak saat Lusiana dan mertuanya keberatan Hamdani ikut mengantarkan Robiansyah, anak mereka yang baru berusia 40 hari ke pusat kesehatan masyarakat setempat untuk diimunisasi. Situasi ini membuat pasangan muda bertengkar untuk pertama kalinya.\r\nMeski ikut mengantar Robi--sapaan Robiansyah, namun kejengkelan Hamdani belum pudar. \"Saya seakan tidak dipercaya,\" kata Hamdani. Selepas dari puskesmas, mereka mampir ke rumah orang tua Hamdani di Gang Bersama, Pontianak. Saat itu, Bujang, ayah Hamdani tak ada di rumah. Suherna, ibu Hamdani menyuruh kedunya untuk beristirahat. Namun, Hamdani memiliki rencana lain. Hamdani mengajak Lusiana pergi ke kebun untuk mencari kelapa yang tak jauh dari rumah orang tuanya. Sebelum pergi, anak mereka dititipkan kepada Dahlia, adik tiri Hamdani yang juga tinggal di rumah tersebut.\r\nDi kebun kelapa, Lusiana dan Hamdani kembali bertengkar dengan masalah yang sama. Namun, lebih dahsyat. \"Saya tempeleng [Lusiana], setelah itu dia jatuh,\" kata Hamdani. Melihat si istri tersungkur tak membuat Hamdani iba. Amarah Hamdani justru semakin tak terkendali. \"Saya pukul dengan buah kelapa. Setelah itu saya bawa ke kawah atau air untuk saya selamkan,\" kata Hamdani. Kemudian, Hamdani menyembunyikan Lusiana di semak-semak. Hamdani mengaku pada waktu itu tidak tahu kalau Lusiana masih hidup atau tewas.\r\nMenurut Hamundar, ayah Lusiana, sejak putrinya tewas dibunuh si menantu, Robi dirawat istrinya. Hingga kini, Hamundar tak pernah mengerti alasan Hamdani tega membunuh Lusiana. Sebab sepengetahuan dia, rumah tangga Hamdani dan Lusiana selama ini baik-baik saja. Hamundar juga membantah pernah bersikap merendahkan Hamdani, menantu yang telah dianggap sebagai anak sendiri. \"Itu sudah jelas dia [Hamdani] bohong. Tanyalah seluruh Jalan Pancasila,\" tutur Hamundar.\r\nNamun sebelum Hamdani dan Lusiana menikah, tersangka sempat berkelahi dengan Anton, adik korban. Anton mengatakan, pertengkaran terjadi karena Hamdani berusaha menemui Hamundar mengenai hubungannya dengan Lusiana. Namun, Anton melarang Hamndani menemui Hamundar karena datang pada tengah malam yakni sekitar pukul 23.00 WIB. Bagi Anton, hal tersebut mengganggu jam istirahat ayahnya. Akibatnya, pertengkaran tak terelakkan dan berbuntut perkelahian.\r\nBujang tak habis pikir anak laki-lakinya tega membunuh sang istri. Menurut Bujang, Hamdani tak pernah mengeluh dalam menghadapi hidup. Begitu pun dalam rumah tangga, Hamdani tidak pernah cerita sempat terjadi pertengkaran. \"Dia itu pendiam,\" kata Bujang. Penuturan senada diungkapkan Suherna yang sempat bertemu dengan Hamdani dan Lusiana sebelum peristiwa pembunuhan. \"Biasa saja, nggak bilang apa-apa,\" kata Suherna. Kendati demikian, Suherna rela anaknya diproses secara hukum bila memang bersalah.\r\nUntuk mempertanggungjawabkan perbuatannya, Hamdani ditahan di Markas Kepolisian Resor Pontianak. Menurut Kepala Satuan Reserse dan Kriminal Polres Pontianak Ajun Komisaris Polisi Kristian Adi Wibawa, tersangka dijerat Pasal 44 Ayat 3 Undang-Undang Nomor 23 Tahun 2004 tentang Penghapusan Kekerasan dalam Rumah Tangga dengan ancaman hukuman 15 tahun penjara. Hamdani juga dikenai Pasal 340 Kitab Undang-Undang Hukum Pidana tentang Pembunuhan Berencana dengan ancaman hukuman mati atau hukuman seumur hidup.(DNP/Tim Derap Hukum)",
    "summary": "Hamdani membunuh sang istri karena selama setahun lebih kesal dengan keluarga mertua. Ibu yang masih memiliki bayi itu dihabisi di kebun kelapa di kawasan Simpang Pakallu, Kecamatan Sungai Pinyu, Pontianak, Kalbar."
}