{
    "id": "106567",
    "url": "https://www.liputan6.com/news/read/106567/sby-asia-pasifik-bebas-kemiskinan-pada-2015",
    "title": "SBY: Asia Pasifik Bebas Kemiskinan pada 2015",
    "date": "",
    "content": "Liputan6.com, Jakarta: Presiden Susilo Bambang Yudhoyono mengimbau sejumlah negara menetapkan komitmen dan memberi bukti nyata memberantas kemiskinan di wilayah Asia Pasifik. Jika negara-negara itu serius, Asia Pasifik bisa terbebas dari kemiskinan pada 2015. Imbauan ini disampaikan Presiden Yudhoyono saat membuka pertemuan regional tingkat menteri tentang arah perkembangan kawasan Asia Pasifik di Jakarta, Rabu (3/8).\r\n\r\nPresiden menegaskan, untuk memerangi kemiskinan di Asia Pasifik dibutuhkan kesetiakawanan dari negara-negara di kawasan itu. Apalagi mayoritas penduduk di kawasan Asia Pasifik berada di bawah garis kemiskinan dengan pendapatan kurang dari US$ 1 sehari. Presiden juga menyinggung ancaman keamanan global yang tak hanya disebabkan perang, tapi juga oleh kemiskinan dan wabah penyakit.\r\n\r\nPernyataan ini pernah disampaikan SBY saat menemui Perdana Menteri Selandia Baru Helen Clark di Wellington, April silam. Kedua pemimpin negara juga sempat menyinggung masalah keamanan Asia Pasifik. Di akhir kunjungannya di Selandia Baru, SBY juga bertemu tim seismolog setempat untuk membicarakan gempa bumi, gelombang Tsunami, serta perlunya sebuah sistem pemantau [baca: Presiden Yudhoyono Membahas Isu Regional Asia Tenggara].(YAN/Mikotoro dan Doni Indradi)",
    "summary": "Presiden Susilo Bambang Yudhoyono yakin masalah kemiskinan di Asia Pasifik bisa selesai pada 2015 jika negara di kawasan ini bekerja sama. Ancaman global tak hanya perang tapi juga kemiskinan dan wabah penyakit."
}