{
    "id": "106672",
    "url": "https://www.liputan6.com/news/read/106672/indonesia-timor-leste-sepakat-mengutamakan-rekonsiliasi",
    "title": "Indonesia-Timor Leste Sepakat Mengutamakan Rekonsiliasi",
    "date": "",
    "content": "Liputan6.com, Kuta: Komisi Kebenaran dan Persahabatan (KKP) Indonesia-Timor Leste sepakat memulai tugas dengan semangat rekonsiliasi. Wakil kedua negara juga berniat mengubur sejarah masa silam, khususnya pelanggaran hak asasi manusia saat jajak pendapat pada 1999. Demikian keputusan dalam pertemuan tertutup KKP di sebuah hotel di Kuta, Bali, Kamis (4/8). Selain 10 anggota KKP, juga hadir Menteri Luar Negeri Hassan Wirajuda dan Menlu Timor Leste Ramos Horta.\r\nMenurut Hassan, dalam proses mencari kebenaran, cara kerja komisi tak menjurus pada penghukuman dan tak memakai tolok ukur pengadilan. Soalnya, proses mencari kebenaran tak paralel dengan proses hukum, khususnya dalam kasus pelanggaran HAM. Pernyataan itu diamini Ramos Horta. Menurut Ramos, meski ada pihak di Timor Leste yang tak setuju dengan komisi ini, pembentukan komisi adalah solusi terbaik bagi kedua negara.\r\nRencananya, komisi yang dibentuk sejak Maret silam, akan bekerja selama setahun. Di akhir masa tugasnya nanti, komisi ini akan mengeluarkan rekomendasi seperti amnesti bagi pihak yang bersalah, rehabilitasi terhadap mereka yang tak bersalah serta rekomendasi lain bagi kerja sama kedua negara [baca: Komisi Kebenaran dan Persahabatan RI-Timor Leste Bekerja].(ORS/Putu Setiawan)",
    "summary": "Komisi Kebenaran dan Persahabatan Indonesia-Timor Leste sepakat memulai tugas dengan semangat rekonsiliasi. Dalam mencari kebenaran, komisi yang bekerja setahun ini tak memakai tolok ukur pengadilan."
}